{"cameraMode":{"drawMode":0,"name":"Shaded","section":"Shading Mode"},"sceneLighting":false,"audioPlay":false,"sceneViewState":{"showFog":true,"showMaterialUpdate":false,"showSkybox":false,"showFlares":true,"showImageEffects":true,"showParticleSystems":true,"showVisualEffectGraphs":true,"m_FxEnabled":true},"in2DMode":false,"pivot":{"x":0.03522723913192749,"y":0.014570042490959168,"z":-0.021365731954574586},"rotation":{"x":-0.00818947795778513,"y":0.9875173568725586,"z":-0.05486370623111725,"w":-0.14743508398532868},"size":0.06885027885437012,"orthographic":false}