{"cameraMode":{"drawMode":0,"name":"Shaded","section":"Shading Mode"},"sceneLighting":false,"audioPlay":false,"sceneViewState":{"showFog":true,"showMaterialUpdate":false,"showSkybox":false,"showFlares":true,"showImageEffects":true,"showParticleSystems":true,"showVisualEffectGraphs":true,"m_FxEnabled":true},"in2DMode":false,"pivot":{"x":-0.0007171630859375,"y":-1.1907178163528443,"z":0.1431903839111328},"rotation":{"x":0.005340085830539465,"y":0.7021939754486084,"z":-0.00526631623506546,"w":0.7119490504264832},"size":4.680044651031494,"orthographic":true}