{"cameraMode":{"drawMode":0,"name":"Shaded","section":"Shading Mode"},"sceneLighting":false,"audioPlay":false,"sceneViewState":{"showFog":true,"showMaterialUpdate":false,"showSkybox":false,"showFlares":true,"showImageEffects":true,"showParticleSystems":true,"showVisualEffectGraphs":true,"m_FxEnabled":true},"in2DMode":false,"pivot":{"x":0.4471331834793091,"y":1.4587267637252808,"z":0.07872939854860306},"rotation":{"x":-0.026599207893013955,"y":0.9726433157920837,"z":-0.18151691555976869,"w":-0.14252683520317079},"size":1.361567497253418,"orthographic":false}