{"cameraMode":{"drawMode":0,"name":"Shaded","section":"Shading Mode"},"sceneLighting":false,"audioPlay":false,"sceneViewState":{"showFog":true,"showMaterialUpdate":false,"showSkybox":false,"showFlares":true,"showImageEffects":true,"showParticleSystems":true,"showVisualEffectGraphs":true,"m_FxEnabled":true},"in2DMode":false,"pivot":{"x":0.6628959774971008,"y":1.8980664014816285,"z":-1.3612709045410157},"rotation":{"x":0.0012141859624534846,"y":0.9986258745193481,"z":-0.04496857523918152,"w":0.026969294995069505},"size":1.361567497253418,"orthographic":false}