{"cameraMode":{"drawMode":0,"name":"Shaded","section":"Shading Mode"},"sceneLighting":false,"audioPlay":false,"sceneViewState":{"showFog":true,"showMaterialUpdate":false,"showSkybox":false,"showFlares":true,"showImageEffects":true,"showParticleSystems":true,"showVisualEffectGraphs":true,"m_FxEnabled":true},"in2DMode":false,"pivot":{"x":5.197829246520996,"y":3.1213645935058595,"z":0.46177610754966738},"rotation":{"x":0.13016018271446229,"y":-0.6791083812713623,"z":0.12420738488435745,"w":0.7116547226905823},"size":0.4330126941204071,"orthographic":false}