{"cameraMode":{"drawMode":0,"name":"Shaded","section":"Shading Mode"},"sceneLighting":false,"audioPlay":false,"sceneViewState":{"showFog":true,"showMaterialUpdate":false,"showSkybox":false,"showFlares":true,"showImageEffects":true,"showParticleSystems":true,"showVisualEffectGraphs":true,"m_FxEnabled":true},"in2DMode":false,"pivot":{"x":1.0031298398971558,"y":3.1369383335113527,"z":2.4801185131073},"rotation":{"x":0.0016731114592403174,"y":0.9982717633247376,"z":0.03595312684774399,"w":-0.04645322635769844},"size":0.9811388850212097,"orthographic":false}