{"cameraMode":{"drawMode":0,"name":"Shaded","section":"Shading Mode"},"sceneLighting":false,"audioPlay":false,"sceneViewState":{"showFog":true,"showMaterialUpdate":false,"showSkybox":false,"showFlares":true,"showImageEffects":true,"showParticleSystems":true,"showVisualEffectGraphs":true,"m_FxEnabled":true},"in2DMode":false,"pivot":{"x":0.19656173884868623,"y":0.8536543846130371,"z":0.2160019874572754},"rotation":{"x":0.10520406067371369,"y":0.6882754564285278,"z":-0.10191228240728378,"w":0.7105162143707275},"size":1.2247450351715088,"orthographic":false}