{"cameraMode":{"drawMode":0,"name":"Shaded","section":"Shading Mode"},"sceneLighting":false,"audioPlay":false,"sceneViewState":{"showFog":true,"showMaterialUpdate":false,"showSkybox":false,"showFlares":true,"showImageEffects":true,"showParticleSystems":true,"showVisualEffectGraphs":true,"m_FxEnabled":true},"in2DMode":false,"pivot":{"x":4.586019992828369,"y":-0.5433715581893921,"z":1.419014573097229},"rotation":{"x":-0.0025375396944582464,"y":-0.7096456289291382,"z":-0.002556609222665429,"w":0.7045518159866333},"size":4.352568626403809,"orthographic":true}