{"cameraMode":{"drawMode":0,"name":"Shaded","section":"Shading Mode"},"sceneLighting":false,"audioPlay":false,"sceneViewState":{"showFog":true,"showMaterialUpdate":false,"showSkybox":false,"showFlares":true,"showImageEffects":true,"showParticleSystems":true,"showVisualEffectGraphs":true,"m_FxEnabled":true},"in2DMode":false,"pivot":{"x":2.8754100799560549,"y":0.11815403401851654,"z":0.9214243292808533},"rotation":{"x":0.018100077286362649,"y":0.7041180729866028,"z":-0.017958298325538636,"w":0.7096291780471802},"size":3.0452306270599367,"orthographic":true}